{"cameraMode":{"drawMode":0,"name":"Shaded","section":"Shading Mode"},"sceneLighting":true,"audioPlay":false,"sceneViewState":{"m_AlwaysRefresh":false,"showFog":true,"showSkybox":true,"showFlares":true,"showImageEffects":true,"showParticleSystems":true,"showVisualEffectGraphs":true,"m_FxEnabled":true},"in2DMode":false,"pivot":{"x":0.15240979194641114,"y":0.7871913909912109,"z":-1.198655605316162},"rotation":{"x":-0.2710600793361664,"y":0.175492525100708,"z":-0.050334516912698749,"w":-0.9450973272323608},"size":5.0399956703186039,"orthographic":false}