{"cameraMode":{"drawMode":0,"name":"Shaded","section":"Shading Mode"},"sceneLighting":true,"audioPlay":false,"sceneViewState":{"m_AlwaysRefresh":false,"showFog":true,"showSkybox":true,"showFlares":true,"showImageEffects":true,"showParticleSystems":true,"showVisualEffectGraphs":true,"m_FxEnabled":true},"in2DMode":false,"pivot":{"x":3.9891157150268556,"y":0.22092103958129884,"z":0.6044349670410156},"rotation":{"x":-0.2621307969093323,"y":-0.06306224316358566,"z":0.01716678775846958,"w":-0.9628238081932068},"size":4.784679412841797,"orthographic":false}